Column1,_1,Cpilot1,Cpilot2,BE1,BE2,BE3,E1,BE4,BE5,OE1,BE6,RG1,RG2,OE2,E2,RG3,BE7,BE8,OE3,OE4,E3,RG4,BE9,OE5,BE10,OE6,BE11,OE7,BE12,RG5,BE13,OE8,OE9,BE14,OE10,OE11,E4,BE15,C001,C002,C003,C004,C005,C006,C007,C008,C009,C10,C011,C012,C013,C014,C015,C016,C017,C018,C019,C020,C021,P22,c023,C024,C025,C026
Trial072,BRAIN_1_PATH_Meningioma ax.png,0.602447849,0.674883683,0.673445564,0.59808931,0.662709954,0.720491981,0.644286971,0.758301228,0.621518989,0.538144746,0.613555061,0.62570181,0.663000268,0.606775386,0.616694566,0.663655693,0.593097508,0.616182062,0.547969166,0.608428415,0.595398901,0.598161659,0.569959388,0.630825516,0.582247425,0.699166216,0.647930408,0.635476155,0.562400235,0.583336195,0.763725922,0.601395436,0.647493874,0.767081664,0.550366822,0.637457569,0.554840845,0.579615094,0.68304543,0.636497994,0.632328496,0.559624095,0.613642654,0.568797446,0.583672268,0.556682515,0.689864806,0.784998811,0.615198063,0.684303604,0.573286335,0.550542857,0.563821122,0.57240297,0.563657544,0.562110614,0.592186215,0.583630014,0.567569876,0.582701251,0.585100471,0.610732359,0.716737747
Trial075,BRAIN_2_PATH_Mes tumour.png,0.557580442,0.677336636,0.67762841,0.560975089,0.624009713,0.654173095,0.652548952,0.768437117,0.601602596,0.659023005,0.564380086,0.635156672,0.678239703,0.627207252,0.619529455,0.61976521,0.851940747,0.606883503,0.668060856,0.623594429,0.592028936,0.603804914,0.611903635,0.759785401,0.646380354,0.705986808,0.628602391,0.61006445,0.647149361,0.607742686,0.599126888,0.690434095,0.638686702,0.729852658,0.695765673,0.520980686,0.582553178,0.625775683,0.603904883,0.648966074,0.582966379,0.53705738,0.603416623,0.6085337,0.545200462,0.541229795,0.65494136,0.87980133,0.597995625,0.637752699,0.57053511,0.633762151,0.578718577,0.602206317,0.580019694,0.587089265,0.603414177,0.519658626,0.461947555,0.54785366,0.627148354,0.679922398,0.660882646
Trial084,BRAIN_5_PATH_Dural ring.png,0.532648081,0.604644786,0.610744576,0.54877244,0.612959294,0.721577466,0.656490905,0.79067061,0.585034548,0.648610953,0.615562955,0.5178,0.652452844,0.617692932,0.603366046,0.654174721,0.688348717,0.644314414,0.682019601,0.655179835,0.565536086,0.604387864,0.631208871,0.683607606,0.583463879,0.665648639,0.653604361,0.600994254,0.61637916,0.553727637,0.668744495,0.623287668,0.603693302,0.695365308,0.653771639,0.683340644,0.57902484,0.576348983,0.591953236,0.616678643,0.587557986,0.651390967,0.605061483,0.550984006,0.561557112,0.524018922,0.589374436,0.743024145,0.605042173,0.616878605,0.504874339,0.562477327,0.5364484,0.569438063,0.574913393,0.522806222,0.60508878,0.667496205,0.411206756,0.79367348,0.764930207,0.572552068,0.896700883
Trial087,BRAIN_6_PATH_Post surgical pit adenoma.png,0.569027546,0.663916237,0.709917437,0.561625665,0.58077029,0.651010669,0.62179733,0.677495852,0.583299347,0.634124935,0.514757332,0.632064348,0.761490694,0.585905744,0.651938862,0.625213525,0.696901541,0.567848406,0.687768719,0.623847341,0.561057573,0.60792545,0.628076292,0.725124602,0.603113825,0.692594359,0.644946693,0.604248758,0.553373709,0.699678368,0.66651355,0.679631887,0.580242738,0.708170363,0.518639295,0.543708011,0.594024337,0.542506979,0.613681708,0.609777986,0.468376996,0.572892044,0.545031694,0.507209531,0.491952542,0.500266325,0.631112059,0.830719482,0.517619765,0.590356694,0.523552498,0.572680764,0.604995827,0.581401148,0.543031069,0.588831945,0.597261439,0.593478033,0.606576074,0.725402619,0.65369409,0.718772592,0.790778337
Trial090,BRAIN_7_PATH_Ax schwannoma.png,0.613756106,0.64474048,0.671314685,0.581942159,0.587509441,0.581801339,0.582781465,0.859242118,0.569812708,0.657936522,0.561075357,0.661340873,0.692518059,0.574118302,0.666683447,0.643103404,0.641345863,0.618284354,0.646264361,0.625817768,0.575688365,0.635917135,0.619957643,0.710020941,0.580287289,0.716877751,0.683192168,0.562978599,0.635759211,0.587703035,0.748526575,0.730735095,0.628801895,0.71295405,0.681327269,0.636969834,0.609428177,0.570059155,0.616891063,0.575870865,0.621879572,0.592519936,0.671236322,0.590148344,0.57090362,0.572157633,0.677643787,0.73916007,0.616595545,0.587401611,0.415061435,0.588752654,0.573666231,0.581560135,0.567360217,0.608879685,0.589739005,0.559012284,0.538461169,0.576846595,0.80440594,0.597167749,0.787990766
Trial093,BRAIN_8_PATH_Cor FLAIR 2 meningiomas.png,0.523084473,0.664117098,0.649089807,0.543611924,0.532336204,0.648484854,0.591307133,0.685157188,0.592148149,0.646402388,0.572482959,0.643644018,0.615861898,0.567655276,0.611968566,0.650225365,0.826637222,0.598983732,0.690812365,0.626603103,0.538756134,0.65946957,0.626111016,0.724150698,0.623762172,0.660058476,0.606334673,0.561027221,0.539667645,0.555928706,0.755914302,0.65887873,0.63329646,0.682944298,0.570903182,0.714492957,0.593946968,0.595240297,0.573343345,0.53952077,0.585918184,0.697848448,0.730175446,0.54043408,0.556370361,0.526551532,0.648358026,0.798181007,0.661834156,0.567974361,0.412217381,0.533145887,0.538926574,0.522299174,0.57846432,0.65848076,0.607365672,0.608651284,0.482819431,0.607511675,0.472724618,0.742957492,0.385843152
Trial105,BRAIN_12_PATH_GBM ax.png,0.54816197,0.62342582,0.643775168,0.615221475,0.597286489,0.683756844,0.617930376,0.712447326,0.618688683,0.650224176,0.554393168,0.644701708,0.653831911,0.581306858,0.471582549,0.651232831,0.73991988,0.609503123,0.650436357,0.612503035,0.616136314,0.62815527,0.569751025,0.680073606,0.617003066,0.726889876,0.630145702,0.53507779,0.452848212,0.574522693,0.648557521,0.66831558,0.589868709,0.711515423,0.606546227,0,0.630765625,0.511044741,0.644922081,0.659980122,0.624705604,0.577075988,0.613906193,0.594443942,0.558883782,0.572414904,0.724239182,0.810721022,0.62194847,0.637325462,0,0.55390073,0.602764283,0.541627452,0.53204494,0.535715113,0.666120727,0.589633163,0.538709803,0.596412589,0.595059972,0.51489731,0
Trial111,BRAIN_14_PATH_CS meningioma.png,0.550937227,0.678398862,0.718773937,0.57771753,0.615249141,0.58492249,0.703842322,0.69930162,0.593587588,0.693635422,0.507137067,0.585595491,0.798767349,0.611048328,0.420730385,0.665788699,0.804295647,0.571379452,0.66705418,0.586219033,0.55906922,0.667699364,0.61828852,0.691587205,0.69540471,0.729182109,0.658027623,0.630359248,0.689858865,0.598244393,0.736695598,0.665018162,0.789897767,0.690402308,0.64413842,0,0.570133105,0.600492056,0.601650124,0.607996268,0.574855019,0.556546907,0.492133464,0.521478768,0.519931363,0.57976355,0.645116025,0.708622162,0.629883332,0.706076612,0.51039529,0.564209457,0.561253577,0.61855223,0.555835366,0.541099514,0.592119944,0.599135521,0.429885373,0.543320578,0.534141146,0.696343248,0
Trial114,BRAIN_15_PATH_Temporal heamatoma T2.png,0.551642698,0.638389179,0.724251245,0.560566283,0.624794995,0.725380462,0.566098912,0.787942234,0.559971154,0.633627192,0.569616546,0.613211505,0.676147168,0.596215676,0.622566729,0.623016334,0.85643166,0.580863311,0.642532511,0.621557745,0.576853248,0.601394549,0.553045144,0.733623521,0.706813553,0.726839323,0.661252771,0.634102023,0.715211261,0.623860212,0.625230506,0.574576609,0.599653227,0.729446992,0.610592146,0.605595256,0.63137033,0.562398836,0.609465515,0.615070251,0.54944857,0.529706263,0.591830296,0.42766314,0.559635046,0.605081714,0.6247699,0.719522428,0.64100927,0.633432306,0.556980343,0.558685234,0.537571697,0.614989817,0.479558001,0.566983591,0.571269036,0.623900442,0.56070352,0.598678306,0.650358365,0.657164177,0.814089957
Trial117,BRAIN_16_PATH_Convexity Meningioma.png,0.557247892,0.682054029,0.661808398,0.564127172,0.644034051,0.677083981,0.54540134,0.656828157,0.604944528,0.629728302,0.571120052,0.611996377,0.589926534,0.559790371,0.448814264,0.632102023,0.795616261,0.455394465,0.505691722,0.578764447,0.482018405,0.608395883,0.645257611,0.666923023,0.602163599,0.709623571,0.638960991,0.566098606,0.619926212,0.574163615,0.668931556,0.636981591,0.606724353,0.698909376,0.685365879,0.783847694,0.524415109,0.616945933,0.606925075,0.596408604,0.512901572,0.572840954,0.56507795,0.673151606,0.5197431,0.574326696,0.651625349,0.761373665,0.580879957,0.616697984,0.572247823,0.599863348,0.550251503,0.574326306,0.570547486,0.530317241,0.643460535,0.522848014,0.516677956,0.566948051,0.619890605,0.730292319,0.615592591
Trial123,BRAIN_18_PATH_Sag schwannoma.png,0.580563028,0.650010015,0.700098145,0.584782073,0.596954672,0.586138361,0.435730879,0.730524886,0.593664496,0.558345856,0.58400453,0.625326275,0.680208583,0.57537083,0.588197936,0.662020892,0.651846265,0.61844873,0.703824774,0.623123643,0.633647261,0.615715712,0.592441718,0.684568203,0.646371188,0.778741134,0.633959201,0.588797836,0.537474673,0.612272172,0.67503638,0.711228639,0.660457896,0.68264275,0.586611631,0.818061925,0.55350056,0.569988531,0.587821175,0.633473147,0.56504334,0.596459066,0.537876923,0.599953801,0.508407835,0.534958334,0.649791158,0.554468487,0.617834281,0.620905923,0.519258275,0.598781199,0.56125491,0.555699023,0.546445897,0.594115529,0.568823104,0.464396346,0.633053956,0.556987654,0.61759224,0.696620673,0.521771634
Trial129,BRAIN_20_PATH_Empty Sella.png,0.574428386,0.679937748,0.651837156,0.586204693,0.620452595,0.679532133,0.50605275,0.668739078,0.609543814,0.583354684,0.579451012,0.643744963,0.633480742,0.589414643,0.664252453,0.647293491,0.858742201,0.592375286,0.671464006,0.619919417,0.576481404,0.61337228,0.550419149,0.731542086,0.660370542,0.689403991,0.62235705,0.577067567,0.609416179,0.513715162,0.818201499,0.689434759,0.536568747,0.703284164,0.66438917,0.632946445,0.616372922,0.531876217,0.592329228,0.505924503,0.664296505,0.682476784,0.617526929,0.577958279,0.569882056,0.620878055,0.63973126,0.797596758,0.597018016,0.647925412,0.505607655,0.587695422,0.640001368,0.571336322,0.584342994,0.687126021,0.627481465,0.574822253,0.546791586,0.662324029,0.604016955,0.69611472,0.557371835
Trial132,BRAIN_21_PATH_Cor met.png,0.569987741,0.679212464,0.69193843,0.599064051,0.627114827,0.666179649,0.586530069,0.755595286,0.640577172,0.648789374,0.550678587,0.713228095,0.622702822,0.635116097,0.58984911,0.665166407,0.859667356,0.55818592,0.641658209,0.57970356,0.440682428,0.558196441,0.623865315,0.68538718,0.686129397,0.758073897,0.649007322,0.565647607,0.676292438,0,0.664296412,0.705980807,0.688780716,0.76978696,0.686825782,0.646766418,0.53259323,0.567746025,0.595413862,0.707079029,0.768921624,0.588925108,0.678280283,0.610160424,0.508965495,0.568183717,0.678756195,0.798510597,0.587197971,0.57574049,0,0.542793383,0.585296678,0.634956787,0.550405491,0.575534645,0.613466726,0.572260403,0.597896738,0.658637692,0.8002137,0.721576464,0.756740025
Trial144,BRAIN_25_PATH_Transv sinus meningioma.png,0.599684474,0.642770349,0.700678074,0.397409739,0.638920197,0.657302841,0.616592685,0.793219178,0.576339802,0.626904426,0.575539966,0.659022894,0.679012594,0.603838545,0.705383818,0.670291304,0.882662502,0.543955245,0.697593936,0.563372948,0.586294472,0.596000303,0.602126658,0.666902951,0.583958888,0.72530744,0.650273364,0.49988317,0.606372016,0,0.645388485,0.648242536,0.659796718,0.715199104,0.556238141,0.711748308,0.577360532,0.589266241,0.6113879,0.624461033,0.683910846,0.448831119,0.601566138,0.646048487,0.563801485,0.610470993,0.65238754,0.662604605,0.597134182,0.601030446,0.354671536,0.567271516,0.599383562,0.563804092,0.564684935,0.79483624,0.572404092,0.607460855,0.575822641,0.522903807,0.729092177,0.761011786,0.726206848
Trial150,BRAIN_27_PATH_Sagittal GBM.png,0.545562,0.695027158,0.692916597,0.635266137,0.623900802,0.5399825,0.589935865,0.749242358,0.615875903,0.69245497,0.515082143,0.556514498,0.64974271,0.613091261,0.716190929,0.670253915,0.827129194,0.571336295,0.670152801,0.635271884,0.645507065,0.617136631,0.636575304,0.749683626,0.72689479,0.824713964,0.568089689,0.577714785,0.614392653,0.747014687,0.716936771,0.620051121,0.676120172,0.703476171,0.659154706,0.805733369,0.598785953,0.634621122,0.670486911,0.61671435,0.675446541,0.714450678,0.567748968,0.567653821,0.551887389,0.565657466,0.630783356,0.67973522,0.583187268,0.568228335,0.579450559,0.573023588,0.574073899,0.552206622,0.560310268,0.441345499,0.576912,0.618010228,0.578906998,0.626357086,0.724219434,0.635361849,0.533576089
Trial153,BRAIN_28_PATH_Aneurysm.png,0.555217721,0.668113723,0.589461218,0.577696069,0.613641079,0.854911486,0.497397397,0.739333481,0.536316413,0.670344175,0.486459002,0.622061008,0.592542486,0.598150058,0.756656623,0.643707747,0.816284105,0.578087875,0.63868947,0.592411859,0.527672193,0.576790726,0.606559188,0.683971694,0.659378216,0.657282066,0.611845838,0.605803144,0.605894518,0.553861224,0.671286802,0.657166907,0.616626646,0.712748476,0.671951688,0.256019215,0.64927614,0.519985104,0.585009581,0.629203247,0.502717014,0.551807407,0.463619725,0.573109624,0.566599285,0.54954994,0.606092702,0.708876808,0.623542741,0.539428048,0.412185763,0.496006626,0.585688426,0.50452553,0.540845103,0.56628171,0.533539569,0.575009873,0.585518614,0.588671536,0.46465492,0.699735471,0
Trial156,BRAIN_29_PATH_Chiari.png,0.583542019,0.746074916,0.705505381,0.662345902,0.615462279,0.591403973,0.679872881,0.768683143,0.630884718,0.607934243,0.591825186,0.744779763,0.643647371,0.594414839,0.646869831,0.662631174,0.886305399,0.558333111,0.76509571,0.598584087,0.43022994,0.671180118,0.616323642,0.546834598,0.623478698,0.75652959,0.653926125,0.568678148,0.611492424,0,0.709205872,0.693801912,0.689781544,0.759395734,0.610090223,0.54725567,0.616081518,0.648263911,0.6425502,0.593815179,0.601128659,0.523326064,0.571032497,0.5938343,0.578251964,0.576723526,0.664290368,0.747788004,0.626623662,0.6250695,0.524044728,0.587215339,0.538653018,0.545528649,0.605417758,0.38078669,0.622419856,0.592005324,0.535659538,0.612062625,0.592187581,0.531779732,0
Trial171,BRAIN_34_PATH_Colloid and pineal cysts.png,0.466835698,0.668329018,0.650795595,0.587624542,0.558555364,0.771916844,0.637741366,0.763658599,0.610054907,0.725341323,0.576568066,0.688996488,0.624589449,0.561342592,0.611365672,0.670467968,0.870793857,0.573387823,0.68016063,0.578189054,0.547073953,0.602524102,0.572420594,0.673742626,0.636474146,0.727349109,0.599938445,0.605277402,0.591647578,0.697872057,0.743336535,0.599398101,0.707120931,0.711178096,0.830842786,0.590096625,0.614620028,0.532662556,0.648081525,0.581015192,0.635285658,0.534275338,0.633016574,0.552913417,0.521464297,0.583083166,0.67372313,0.662010691,0.580517647,0.626725072,0.442205151,0.528751298,0.556044605,0.644628636,0.504594332,0.426123349,0.559699497,0.574856885,0.795465456,0.586432814,0.546689348,0.732796853,0.821532796
Trial174,BRAIN_35_PATH_SAH.png,0.526668323,0.675463501,0.641445524,0.54371668,0.660975442,0.802594626,0.593257331,0.607608698,0.586644118,0.66263299,0.576815831,0.713226558,0.592144622,0.580699185,0.676144985,0.678933326,0.895780136,0.551201632,0.694644639,0.619495232,0.594387037,0.684350017,0.6689555,0.730560332,0.663304932,0.70368839,0.619297111,0.606649572,0.645585605,0.590992527,0.730747224,0.639288934,0.591364923,0.708037352,0.676179355,0.556384191,0.598232216,0.523845813,0.598195351,0.593302888,0.681160773,0.585222145,0.770194283,0.431724442,0.526812189,0.439877299,0.631656158,0.618769772,0.612390586,0.648100562,0.476926655,0.58774472,0.584007248,0.605665513,0.560929186,0.566410855,0.52320468,0.538475419,0.525858765,0.611540683,0.517086955,0.703411524,0.824156024
Trial186,BRAIN_39_PATH_Thrombosis.png,0.548080441,0.645627376,0.64218448,0.57528822,0.640202958,0.705629344,0.382946045,0.649050338,0.6037803,0.671622978,0.581366251,0.671219075,0.607684314,0.598108003,0.620850471,0.679647722,0.841487669,0.561240466,0.679785971,0.565069808,0.441477811,0.646751362,0.563028753,0.646062515,0.613210202,0.716796276,0.63133637,0.644284769,0.591188226,0.648233484,0.636313893,0.643590487,0.60199987,0.689681059,0.658016467,0,0.59828746,0.574098682,0.531616513,0.600096531,0.489874963,0.539130173,0.565381874,0.665584936,0.471908639,0.594635724,0.681558324,0.661161051,0.607780865,0.701613273,0.424347417,0.523816438,0.517440361,0.49230025,0.533854316,0.417599315,0.640526192,0.533627287,0.588362656,0.566003115,0.487558794,0.674671529,0.614019842
Trial078,BRAIN_3_NORMAL_Normal 4 vessels.png,0.574537432,0.66025498,0.652196506,0.60107034,0.559944987,0.653035556,0.611553394,0.692130165,0.609191042,0.663931506,0.513957963,0.652005746,0.638266884,0.6085805,0.620313121,0.652843729,0.852170099,0.637442337,0.646587918,0.604616406,0.64976966,0.603965851,0.648420977,0.697493301,0.60937788,0.67480687,0.656631625,0.606890154,0.593927448,0.579790885,0.662673581,0.690056877,0.615460766,0.708769303,0.606919023,0,0.552791503,0.628610237,0.66211568,0.618342469,0.492677928,0.551111045,0.550984603,0.571235859,0.511682367,0.638492554,0.666283228,0.840891234,0.612878178,0.624708843,0.474134779,0.565864745,0.601976158,0.569754933,0.589790206,0.614080266,0.590693702,0.556948786,0.541849898,0.556930613,0.545911133,0.549077014,0.712337443
Trial081,BRAIN_4_NORMAL_Normal Coronal T2.png,0.529795235,0.639346598,0.649769173,0.595799128,0.502710537,0.661807428,0.598643549,0.782485352,0.564943518,0.633733653,0.478685419,0.633748706,0.656104044,0.491678852,0.656944543,0.667263681,0.764089409,0.629494893,0.660960696,0.647867728,0.54514394,0.562660138,0.641609907,0.723207651,0.636302163,0.674872017,0.651917925,0.606737724,0.613495473,0.55548554,0.66614623,0.654086062,0.579968463,0.68723752,0.604084672,0.592448205,0.612063225,0.607807771,0.654147086,0.638523175,0.55363642,0.565085496,0.586369673,0.59655917,0.482593435,0.552818929,0.6430301,0.774800077,0.565381445,0.613727864,0.519257592,0.511642052,0.576160195,0.5057056,0.594422972,0.563580261,0.54563452,0.511973052,0.542534087,0.515971192,0.66350101,0.59644234,0.70202879
Trial096,BRAIN_9_NORMAL_Normal SSS.png,0.576698394,0.637268196,0.636149514,0.575065259,0.575632851,0.48694441,0.617477002,0.806274952,0.619289768,0.556777362,0.554063623,0.700865468,0.643995805,0.845133055,0.628176225,0.666462664,0.777759627,0.531964199,0.689847141,0.582954372,0.551497619,0.664860142,0.6088727,0.711287995,0.622967,0.705448645,0.669470505,0.621941367,0.629825932,0.647271854,0.782357459,0.707208885,0.617793698,0.6794438,0.744501538,0.676763032,0.628535856,0.576882461,0.55829563,0.689526271,0.510213486,0.468114493,0.576668635,0.559237325,0.59344779,0.513731156,0.694844565,0.692352206,0.603945167,0.643393387,0.554496918,0.529073517,0.505620214,0.611886304,0.582891974,0.567356177,0.617008847,0.766974457,0.664348913,0.672581997,0.628575623,0.754894656,0.586197624
Trial099,BRAIN_10_NORMAL_Normal Ax2.png,0.582760873,0.681959208,0.620394811,0.599894422,0.65987965,0.632316809,0.623665397,0.747330253,0.611062347,0.652997577,0.589463939,0.701378215,0.624071241,0.585079907,0.612247045,0.635234435,0.821837369,0.579939925,0.673609603,0.587507931,0.610885516,0.647113999,0.555172063,0.681103476,0.59653289,0.712388838,0.636473795,0.639309103,0.661894542,0.601935484,0.735806356,0.683910027,0.637597605,0.717076687,0.611736738,0.695861396,0.524623059,0.560746776,0.611483847,0.529864484,0.638577231,0.54528603,0.604252516,0.618714041,0.536170889,0.509579216,0.639530283,0.889458372,0.586079058,0.674801827,0.485802006,0.557288733,0.566438946,0.541865325,0.575734037,0.570054381,0.641528672,0.589213655,0.521208414,0.570360436,0.751260169,0.499625153,0
Trial102,BRAIN_11_NORMAL_Normal T2 post fossa.png,0.588569094,0.675900934,0.640428933,0.605397716,0.514666525,0.673545151,0.594313074,0.687451496,0.583595837,0.646243926,0.589673253,0.503517292,0.611253666,0.606586341,0.661729242,0.628812375,0.835444195,0.490148547,0.6129286,0.582123864,0.515792488,0.626087198,0.615532015,0.712630294,0.636109838,0.671353602,0.603748711,0.596697949,0.655471754,0.547347204,0.635847604,0.620758208,0.528008811,0.708835706,0.556958065,0.530308065,0.473127638,0.524648824,0.584333115,0.613847816,0.637289444,0.568885702,0.586008988,0.624917193,0.569179418,0.442821756,0.606059519,0.642064398,0.629462307,0.644924962,0,0.601937253,0.566054087,0.526443238,0.533602866,0.477648918,0.575720291,0.583186854,0.464037825,0.565563276,0.61941366,0.712827027,0
Trial108,BRAIN_13_NORMAL_T2 CPA.png,0.556899886,0.672203371,0.646337109,0.565751468,0.639070519,0.701011967,0.611942813,0.78219079,0.588753913,0.573121214,0.603926872,0.663155221,0.621569489,0.618270422,0.660229016,0.638759342,0.699547887,0.60477227,0.632443173,0.508780236,0.610437941,0.630102641,0.629663731,0.655190077,0.62962603,0.723451447,0.628259591,0.624386109,0.646426252,0.539585982,0.653649453,0.740403897,0.644622208,0.738524819,0.554415489,0.662211809,0.562232578,0.576761066,0.640628315,0.588654399,0.443010788,0.542812607,0.550970073,0.562944512,0.484177046,0.577262436,0.611339278,0.712631706,0.612674942,0.546454129,0.47577974,0.588598935,0.552377595,0.545325801,0.549436922,0.58926108,0.583476921,0.464254844,0.590319786,0.632152725,0.680378598,0.5187734,0
Trial120,BRAIN_17_NORMAL_Normal ax.png,0.526723308,0.619417162,0.644576765,0.598591853,0.648312375,0.634390618,0.6087979,0.675777324,0.61107719,0.665279389,0.526086226,0.699406168,0.637318665,0.569530188,0.670443136,0.6598587,0.855758602,0.578962836,0.709015733,0.61433421,0.628279801,0.623914804,0.51124787,0.656040972,0.631407048,0.68406048,0.61595804,0.628253824,0.537188131,0,0.660088921,0.69041833,0.619341836,0.71045968,0.440760655,0,0.585203711,0.579595361,0.617797842,0.46581453,0.645369802,0.761798662,0.498119132,0.582067926,0.545390515,0.604942088,0.667803425,0.699050481,0.625820274,0.652087044,0.403353045,0.581955734,0.494072406,0.548459544,0.571921721,0.55087767,0.613519313,0.601823548,0.601442984,0.555009322,0.560384419,0.478355861,0.785003275
Trial126,BRAIN_19_NORMAL_Normal CTA.png,0.552727986,0.697910856,0.654040155,0.593874175,0.610511818,0.597080117,0.618700669,0.756890499,0.600417234,0.632190633,0.546023091,0.688594904,0.599535379,0.619811441,0.600858042,0.668629901,0.78636815,0.549891149,0.621723996,0.610594698,0.466047242,0.658053509,0.611158069,0.642372082,0.630844904,0.695699332,0.668904324,0.618519142,0.640884697,0.551618035,0.763927529,0.761970017,0.673950202,0.779410528,0.440839,0,0.653486082,0.540834094,0.630258195,0.624661029,0.645991974,0.573214625,0.573167272,0.528465502,0.537561995,0.395343471,0.625642836,0.431187695,0.642574022,0.642316186,0.599279606,0.500527308,0.589782567,0.581459656,0.635750966,0.570186097,0.581994546,0.515287457,0.535552458,0.547893984,0.585480622,0.725873194,0.69467596
Trial135,BRAIN_22_NORMAL_Normal Insula.png,0.576017628,0.642906065,0.650090906,0.606919529,0.616341704,0.632481488,0.606118104,0.693015358,0.649236677,0.700358097,0.546071928,0.676679811,0.620033685,0.558220721,0.545906173,0.658490993,0.694843561,0.598817682,0.776168818,0.476718022,0.616653558,0.56165689,0.552301207,0.723194404,0.648696666,0.686461976,0.65071432,0.57698688,0.6508817,0.456363849,0.677859649,0.620853179,0.619206659,0.687670165,0.63796801,0,0.578304293,0.533776602,0.656681455,0.662550458,0.63025858,0.500594728,0.436998092,0.517471487,0.519346468,0.539521861,0.669390407,0.742563073,0.600711928,0.612858835,0.426906687,0.54652454,0.553138006,0.56218378,0.578584738,0.592914484,0.579285369,0.559195845,0.434775736,0.599555569,0.669836875,0.673895782,0.74239354
Trial138,BRAIN_23_NORMAL_norm T1+.png,0.578205388,0.620219362,0.643633593,0.615119012,0.641479882,0.627218775,0.589426576,0.689530507,0.612228159,0.607844089,0.57735974,0.67552322,0.620624092,0.547270144,0.621438378,0.639977245,0.889251372,0.589973144,0.697434823,0.62045083,0.593188099,0.62396127,0.53413754,0.711607894,0.623668893,0.676258776,0.662346712,0.607326703,0.650186514,0.492720644,0.702957919,0.655036731,0.629280453,0.713500684,0.54297079,0.847258956,0.610590284,0.587121316,0.590713062,0.643740178,0.62437895,0.604277981,0.631667483,0.595474382,0.524900015,0.499080213,0.615100736,0.622913282,0.613899347,0.65979981,0.485479446,0.579706439,0.565447152,0.573463351,0.558382577,0.577109575,0.602608802,0.558966841,0.548136828,0.543805001,0.539498109,0.646645622,0.671785318
Trial141,BRAIN_24_NORMAL_Ax.png,0.604856583,0.640471283,0.646128408,0.55251944,0.599194218,0.671113198,0.600592518,0.740550521,0.61047873,0.689428216,0.59016459,0.533084553,0.617515771,0.594323088,0.749476144,0.662417414,0.860029751,0.560486571,0.654585395,0.581920991,0.519094446,0.601621399,0.584887028,0.727323975,0.681761986,0.652819569,0.615854315,0.581347237,0.591550018,0.698462958,0.594641114,0.684532306,0.66502431,0.748944794,0.700161838,0.716518726,0.571432364,0.584256865,0.607676547,0.611963502,0.497532605,0.522301146,0.433229199,0.467819914,0.538824519,0.406901295,0.615562007,0.552602307,0.636289522,0.609364323,0.277765581,0.56736152,0.567240117,0.562259773,0.54819666,0.550756389,0.536525079,0.562060899,0.648294544,0.623984159,0.580407785,0.857510246,0.692307024
Trial147,BRAIN_26_NORMAL_BG.png,0.520868551,0.627205881,0.701012001,0.579837764,0.641916032,0.698326081,0.638729494,0.789874531,0.582983172,0.704337272,0.534229239,0.697573686,0.619468839,0.62829748,0.608532392,0.647164161,0.893164758,0.606574421,0.700768603,0.560144577,0.555566592,0.643478259,0.619518186,0.562409436,0.65808828,0.698646955,0.61260528,0.617732164,0.670050532,0.630707884,0.664238603,0.695991584,0.652947907,0.696309254,0.634811176,0.658589938,0.603348077,0.608527091,0.635712375,0.635336003,0.649311034,0.580268117,0.593213564,0.41523155,0.566015585,0.567642981,0.644328156,0.709815675,0.604371054,0.647936841,0.463678342,0.572916093,0.542460871,0.618165883,0.58328106,0.660002714,0.6110633,0.525607479,0.481793319,0.582635956,0.703213948,0.52686952,0.672736018
Trial159,BRAIN_30_NORMAL_Normal IAM.png,0.427554018,0.654522726,0.637668545,0.566436243,0.53115288,0.810490393,0.409543123,0.587439728,0.593168335,0.635699874,0.543901878,0.595389891,0.577925808,0.526977575,0.663458818,0.613829149,0.780732431,0.582474817,0.802985242,0.594061291,0.468383885,0.603964132,0.606533626,0.52871496,0.579786177,0.652891452,0.559842445,0.590406864,0.59821193,0.903017279,0.714590808,0.449724936,0.590793756,0.680898,0.585600591,0.730740109,0.601779988,0.589775368,0.589319819,0.627199939,0.589137142,0.515792678,0.484419401,0.669251362,0.522069261,0.447390108,0.680465462,0.785272915,0.601856511,0.604838493,0.498684119,0.503784908,0.598677441,0.557009834,0.560923981,0.44055731,0.562271003,0.57765685,0.51282777,0.538327156,0.523511429,0.747323163,0
Trial162,BRAIN_31_NORMAL_Sulci.png,0.533968705,0.693758352,0.621440772,0.602634306,0.631469659,0.75156536,0.556044162,0.699933252,0.587443323,0.807510654,0.502081786,0.67143487,0.678914718,0.603399068,0.552689244,0.670194606,0.828794891,0.601229181,0.666677665,0.605075994,0.529959335,0.636039995,0.616554545,0.712746058,0.669477982,0.739427544,0.594607485,0.647391312,0.567986081,0,0.713310548,0.428936019,0.560962403,0.716291816,0.711138642,0,0.632882198,0.543923595,0.675969671,0.640096079,0.595127742,0.463419316,0.580110309,0.629481727,0.455188379,0.642607046,0.637956085,0.735423449,0.573414259,0.607969991,0.471049751,0.578499369,0.606077832,0.517677054,0.570411834,0.602784557,0.536908261,0.504110813,0.567744479,0.611577715,0.625686387,0.896326509,0
Trial165,BRAIN_32_NORMAL_Axial T2.png,0.548518614,0.681371262,0.660064673,0.608343142,0.528071423,0.724798834,0.444575234,0.721193475,0.599031725,0.660718034,0.549627713,0.680033713,0.628904693,0.594849625,0.655987695,0.628583193,0.744146808,0.466383359,0.465300319,0.586449434,0.585648822,0.426700381,0.633787388,0.686083405,0.679113736,0.673777189,0.599933094,0.664337857,0.622012498,0.418519843,0.706205386,0.622813917,0.605539816,0.69334019,0.53284596,0.716767174,0.613923526,0.545081951,0.551264179,0.642825275,0.433960724,0.553582561,0.643168489,0.637805916,0.463906878,0.607219484,0.620154533,0.797406407,0.63279897,0.541849154,0.375481274,0.523231265,0.623748862,0.542563306,0.533465965,0.591161811,0.571522816,0.55016137,0.466200233,0.586695055,0.488580667,0.804960132,0
Trial168,BRAIN_33_NORMAL_T1C ventricles.png,0.458219139,0.658427009,0.67146785,0.61198678,0.615120703,0.702433424,0.586729027,0.70619076,0.510104563,0.578668663,0.585686695,0.50393403,0.611189005,0.588074918,0.676917392,0.647596207,0.82489012,0.564560727,0.686820784,0.507330435,0.539949155,0.608415218,0.644029305,0.629845487,0.623499807,0.66970675,0.615581615,0.428019618,0.693252014,0.654790745,0.699638712,0.593326121,0.630705603,0.722890009,0.872622455,0,0.582033587,0.633456249,0.699623391,0.597220923,0.642835688,0.660125411,0.70120973,0.409869572,0.498741173,0.660953477,0.604372377,0.636648198,0.581013559,0.573069389,0.482975284,0.489488591,0.595062823,0.590682926,0.548759122,0.562400467,0.565382803,0.600433011,0.572727136,0.559264021,0.701173212,0.739020957,0
Trial177,BRAIN_36_NORMAL_T1C a.png,0.569862823,0.635699139,0.650889016,0.596789384,0.583476181,0.681059836,0.448461191,0.735849274,0.611361068,0.59112906,0.573997043,0.685002954,0.643526906,0.54425395,0.63151274,0.677290143,0.82260543,0.631330851,0.685047997,0.553581594,0.563387902,0.63194687,0.649299493,0.712131501,0.642502953,0.693743514,0.628926736,0.603435309,0.660136592,0.514127567,0.62501475,0.63752181,0.665296792,0.748262641,0.666807964,0.387154077,0.562130521,0.566741508,0.558108043,0.662289871,0.435999363,0.616666292,0.65424655,0.656286429,0.500636471,0.618416368,0.661283327,0.639145538,0.585960002,0.618126892,0.550056455,0.573061647,0.533028742,0.537078662,0.602920475,0.581659408,0.587605204,0.564812785,0.560307342,0.527426379,0.642106062,0.838916556,0.604632803
Trial180,BRAIN_37_NORMAL_Normal MRA.png,0.454881309,0.665363995,0.631522095,0.576222028,0.599933823,0.796013238,0.567187217,0.759978392,0.593246099,0.674243862,0.521263727,0.582950803,0.593284687,0.629261591,0.651135678,0.601566127,0.795088224,0.51281757,0.681047322,0.587450894,0.616120877,0.582094112,0.623451449,0.701760387,0.646792304,0.696997824,0.633363868,0.593372074,0.553284695,0.675204298,0.690882115,0.645775198,0.603271875,0.672549993,0.650164382,0.674807029,0.588640359,0.560385774,0.562086331,0.472240217,0.536921012,0.562838518,0.521937491,0.543749822,0.485997383,0.547098629,0.648956756,0.687549525,0.620719206,0.556205986,0.447165194,0.522158906,0.440240707,0.55826361,0.490153815,0.613119492,0.573743042,0.475843786,0.611421215,0.46567419,0.648217184,0.595439852,0
Trial183,BRAIN_38_NORMAL_Sagittal T1.png,0.592390638,0.656745532,0.656339842,0.610513882,0.620471588,0.921455793,0.443191202,0.794658085,0.564448599,0.710943977,0.53811679,0.655704048,0.431376408,0.56020386,0.701408671,0.654693969,0.88792873,0.611388398,0.64005205,0.586414529,0.397282907,0.646697316,0.632140834,0.701508542,0.64877139,0.669933266,0.624473823,0.645015369,0.529937505,0.519744258,0.743026619,0.671817597,0.645720955,0.705783516,0.5604531,0,0.617242829,0.556806718,0.623526761,0.571414856,0.540715932,0.534884606,0.508316097,0.514604944,0.55113779,0.524323461,0.59116854,0.717779511,0.597148264,0.381931638,0.387574132,0.534138156,0.507852919,0.537519847,0.561889586,0.603478167,0.616525623,0.521421215,0.573153251,0.551285681,0.602751178,0.635727462,0
Trial189,BRAIN_40_NORMAL_Sylvian.png,0.557877889,0.672355469,0.671309871,0.59660749,0.687453097,0.713843399,0.426113169,0.694619124,0.61537995,0.697050181,0.578251191,0.590869356,0.608177347,0.601757432,0.525913019,0.661537343,0.867441368,0.559503356,0.710526851,0.563710101,0.494183837,0.646351032,0.555159252,0.702712273,0.650859112,0.729980264,0.648882224,0.623427505,0.683126405,0.566908073,0.621712299,0.570691393,0.590348529,0.711612058,0.538012357,0,0.616691261,0.573241007,0.601412578,0.554123432,0.652157711,0.451851396,0.534388289,0.490388273,0.57692446,0.549226386,0.670017417,0.761113974,0.606955975,0.631231923,0.536184557,0.548407585,0.542867914,0.520364693,0.592494918,0.680258903,0.606134924,0.516857026,0.562029601,0.598521631,0.642124318,0.624165687,0.589755137
