Column1,_1,Cpilot1,Cpilot2,BE1,BE2,BE3,E1,BE4,BE5,OE1,BE6,RG1,RG2,OE2,E2,RG3,BE7,BE8,OE3,OE4,E3,RG4,BE9,OE5,BE10,OE6,BE11,OE7,BE12,RG5,BE13,OE8,OE9,BE14,OE10,OE11,E4,BE15,C001,C002,C003,C004,C005,C006,C007,C008,C009,C10,C011,C012,C013,C014,C015,C016,C017,C018,C019,C020,C021,C022,c023,C024,C025,C026
Trial072,BRAIN_1_PATH_Meningioma ax.png,0.743783368,0.673511563,0.729049772,0.559512825,0.66042932,0.710430973,0.683678952,0.616932168,0.731751625,0.560042252,0.613828477,0.648234191,0.659306717,0.559360246,0.67761691,0.608433048,0.903190688,0.577684301,0.563416279,0.484998904,0.457244916,0.585178447,0.392865858,0.479067583,0.602586287,0.689696385,0.715395285,0.756083448,0.475777842,0.767394906,0.720701017,0.404204938,0.700704136,0.688695241,0.459852841,0.846909973,0.427429459,0.533035411,0.622541743,0.771828751,0.431741839,0.323096376,0.527199414,0.388209791,0.59207614,0.474238984,0.540746558,0.857542647,0.435636704,0.599755416,0,0.586742124,0.449661322,0.486399076,0.413644984,0.641678926,0.634917271,0.440069027,0.58201092,0.337085987,0.489169428,0.570771951,0.92110119
Trial075,BRAIN_2_PATH_Mes tumour.png,0.49449339,0.617484276,0.608712798,0.346933974,0.513712748,0.643674328,0.625635449,0.756422991,0.440490614,0.568038532,0.441450392,0.694672168,0.638111608,0.549389313,0.428699465,0.478831381,0.809626254,0.542082417,0.586228566,0.479418745,0.428313134,0.557825792,0.488208278,0.704160714,0.616794182,0.746382781,0.594162378,0.418193664,0.406781184,0.556259542,0.459562249,0.769597313,0.563096384,0.681455161,0.556353018,0.839668671,0.537564049,0.506320357,0.604752044,0.597048707,0.512963774,0.517370422,0.537850635,0.468468874,0.678618055,0.32571807,0.561265604,0.877223934,0.516657302,0.624145517,0,0.749255185,0.497409488,0.426574253,0.49707609,0.436803236,0.568087429,0.436245976,0.369795768,0.413385138,0.665162654,0.55970804,0.612202416
Trial084,BRAIN_5_PATH_Dural ring.png,0.404384972,0.487765709,0.511974918,0.395894412,0.674642864,0.807340546,0.72625522,0.719761196,0.37497283,0.555694899,0.448409876,0.64823696,0.546649745,0.458825087,0.714632917,0.57703927,0.879438209,0.566558954,0.545820693,0.565349424,0.561565556,0.59768141,0.471393943,0.593192068,0.463071891,0.56314785,0.442462529,0.48627878,0.491660109,0.61439968,0.620937714,0.580119303,0.554183107,0.594640976,0.578730091,0.832617114,0.481176518,0.497254249,0.28392249,0.874176595,0.26013924,0.467621298,0.684186121,0.513048962,0.476034292,0.478646001,0.526352456,0.749071931,0.466209552,0.713264784,0,0.49315749,0.245236597,0.412654584,0.448508876,0.545215396,0.571364925,0.649800031,0.578195728,0.808152463,0.784421542,0.379230448,0.903718192
Trial087,BRAIN_6_PATH_Post surgical pit adenoma.png,0.519846403,0.573532217,0.857853922,0.404784953,0.738060833,0.712107178,0.72221432,0.912434767,0.500145483,0.349514384,0.338465864,0.480152759,0.719142091,0.47224078,0.554620676,0.680586772,0.661679532,0.490658775,0.630308715,0.559730885,0.862545448,0.451871788,0.430925763,0.688751841,0.830563968,0.677542299,0.456012327,0.445778991,0.318106946,0.486450812,0.688361045,0.716218043,0.637794601,0.756822134,0.259022241,0,0.500138757,0.520540656,0.51190094,0.678251759,0.564893045,0.449371549,0.589782397,0.412450236,0.39929633,0.256423979,0.36676628,0.724050701,0.458695849,0.535257512,0,0.533210099,0.602647285,0.483374364,0.399406976,0.472360848,0.398444935,0.481509946,0.785002094,0.414825027,0.291145781,0.56893858,0.783408781
Trial090,BRAIN_7_PATH_Ax schwannoma.png,0.728313242,0.544576301,0.845534035,0.486404969,0.49712023,0.582099077,0.742281884,0.844678937,0.375750402,0.605607633,0.436416087,0.588099124,0.604518353,0.385895363,0.837752354,0.546850827,0.798408031,0.449221683,0.75403859,0.463844724,0.522295307,0.566971218,0.4778112,0.653617969,0.566641331,0.769658922,0.647432685,0.522010236,0.490989817,0.264039559,0.699604112,0.597438267,0.58383487,0.707296911,0.726540001,0.55289016,0.497328261,0.58944145,0.566495343,0.51303203,0.501347014,0.568233803,0.444968105,0.400612668,0.454507296,0.397660567,0.521691964,0.620165671,0.474749228,0.577409378,0,0.464588867,0.589255917,0.472960963,0.490255424,0.496937434,0.454604855,0.361100801,0.390118214,0.658535842,0.898246255,0.71793696,0.750927108
Trial093,BRAIN_8_PATH_Cor FLAIR 2 meningiomas.png,0.383959968,0.66757344,0.502521489,0.466000621,0.425747055,0.806412251,0.594584497,0.668054052,0.401998898,0.555163117,0.464427793,0.516707094,0.481527091,0.475653679,0.555672439,0.502491965,0.767901237,0.488411164,0.636338392,0.486035643,0.360661952,0.673478739,0.503899711,0.613470034,0.578472047,0.575196171,0.549156354,0.540957087,0.460288709,0,0.691376973,0.550535606,0.512460677,0.622190205,0.53489275,0.721877566,0.550818301,0.63720824,0.570076589,0.500669523,0.497102107,0,0.799283431,0.510591057,0.400260454,0.562517197,0.489775574,0.835127127,0.478370512,0.689983376,0,0.248523939,0.42170075,0.470894171,0.443934486,0.54437124,0.53614826,0.699360729,0.251102315,0.409290041,0.398744545,0.788378113,0
Trial105,BRAIN_12_PATH_GBM ax.png,0.292604449,0.511364982,0.55333238,0.539105585,0.469785023,0.781026311,0.430190353,0,0.54542785,0.509546158,0.482092924,0.582226777,0.531268936,0.525751835,0.550232372,0.50982822,0.739425693,0.50345554,0.506033665,0.474150189,0.484241685,0.54665469,0.440604801,0.663105198,0.472448489,0.598078448,0.491596216,0.395069696,0.239414528,0.579902281,0.540240564,0.568121603,0.461010547,0.59279447,0.446884692,0,0.544402866,0.334469304,0.639016654,0.831000536,0.474553036,0.361060109,0.628808584,0.45501126,0.524274556,0.573269826,0.518271914,0.717539383,0.44773028,0.46120276,0,0.452075703,0.588434736,0.305248262,0.435676905,0.355833271,0.560890417,0.507784866,0.387371884,0.341005893,0.386770281,0.563848699,0
Trial111,BRAIN_14_PATH_CS meningioma.png,0.457607113,0.533392119,0.693741616,0.426594949,0.573144938,0.687033038,0.761238772,0.687342727,0.480152535,0.737414574,0.472280212,0.566974474,0.626521646,0.604095909,0.491173973,0.689439878,0.680974489,0.408418209,0.799827962,0,0.530137264,0.52236651,0.483214049,0.685578364,0.730404267,0.724765678,0.470975056,0.633639592,0.44632118,0.676978663,0.610903429,0.546515415,0.804142694,0.653701319,0.548512376,0,0.62906885,0.458836349,0.53604598,0.493338671,0.508241602,0.320546036,0.481131477,0.379581844,0.290777016,0.373213351,0.529943517,0.69751616,0.480907697,0.872491548,0,0.438081535,0.436232743,0.45765031,0.359234137,0,0.556408272,0.47816339,0.62505628,0.368310325,0.353985969,0.582576574,0
Trial114,BRAIN_15_PATH_Temporal heamatoma T2.png,0.435389346,0.606051251,0.728941575,0.393444882,0.650679675,0.662962423,0.538505238,0.783155436,0.431215989,0.281761885,0.338676488,0.502616356,0.782421419,0.406884712,0.606558652,0.524606349,0.826846846,0.448373028,0.566443442,0.467405182,0.444629771,0.613648701,0.486926433,0.695331103,0.59797058,0.661742822,0.7129045,0.62966803,0.534741502,0,0.62353268,0.416521789,0.696658867,0.689148006,0.570485362,0.892008973,0.600031055,0.481793172,0.44152394,0.353714692,0.632761687,0.368008452,0.848792014,0.414676955,0.370637371,0.607247494,0.541302038,0.613873395,0.496951312,0.484975109,0,0.38037213,0.329030406,0.444662917,0.196572197,0.446959479,0.471109809,0.460821789,0.537867512,0.647253005,0.436165102,0.575993862,0
Trial117,BRAIN_16_PATH_Convexity Meningioma.png,0.40279011,0.63019327,0.512215478,0.381096769,0.58553782,0.820319396,0.378928106,0,0.506760428,0.565106684,0.493999669,0.502322719,0.444303531,0.528378716,0.464036041,0.529329536,0.662531892,0.481636684,0.52174496,0.458881163,0.511361504,0.535557301,0.588191811,0.521166503,0.521066144,0.569283058,0.503208642,0.465816775,0.61876646,0.422775266,0.684659022,0.559913541,0.461349679,0.607883355,0.681516913,0,0.520371125,0.542779124,0.634121766,0.664572914,0.452777464,0.514234033,0.382479834,0.503437459,0.263237579,0.49737934,0.504641402,0.750001642,0.496668375,0.454698992,0,0.359454478,0.45269633,0.373667107,0.460866069,0.478301143,0.540788226,0.300075379,0.482145964,0.380492566,0.47761648,0.739930601,0
Trial123,BRAIN_18_PATH_Sag schwannoma.png,0.634042886,0.476839258,0.556315591,0.448995427,0.547031439,0.644762814,0.339583328,0.621227419,0.403924179,0.65282192,0.399277685,0.440749118,0.508368417,0.36662849,0.545265649,0.612324705,0.816282876,0.510937904,0.620154468,0.547647833,0.59193137,0.734495811,0.55216003,0.715625284,0.60759439,0.739467967,0.513098381,0.503734314,0.539158835,0,0.548551814,0.731058728,0.648518652,0.559033169,0,0.822217941,0.560998537,0.405718952,0.617821419,0.59543594,0.465950814,0.378455872,0.438971337,0.457604307,0.176259961,0.429463787,0.482542434,0.683237742,0.513226165,0.548747482,0,0.424188411,0.483779882,0.322560282,0.400890136,0.45296382,0.399047812,0.527720476,0.850068944,0.375423783,0.623923401,0.582713355,0
Trial129,BRAIN_20_PATH_Empty Sella.png,0.404558305,0.634448821,0.561623493,0.533493824,0.530866068,0.544756661,0.70536832,0.582270166,0.498926569,0.627044927,0.364501544,0.544779813,0.335178068,0.492675174,0.586374066,0.519415949,0.848464692,0.423141854,0.583276584,0.450388391,0.668333272,0.531561166,0.443419356,0.719944326,0.842459486,0.684287425,0.469697866,0.442464166,0.519834464,0,0.638265726,0.643449532,0.595520807,0.56424585,0,0,0.566891002,0.639253096,0.543408087,0.563877181,0.560076839,0.403826501,0.395645778,0.458886922,0.492411492,0.406085658,0.626193171,0.867233879,0.451539812,0.496264355,0.342973547,0.406054565,0.61184599,0.377609888,0.539727759,0.658137563,0.641273405,0.351690922,0.816364719,0.557324045,0.428452378,0.569418823,0
Trial132,BRAIN_21_PATH_Cor met.png,0.55105616,0.480846895,0.496018574,0.514033889,0.524128013,0.57008009,0.473592622,0.758485004,0.51923473,0.626589807,0.394034798,0.676437672,0.604818866,0.597418377,0.675671038,0.629827976,0.791567097,0.509653047,0.37403808,0.333222113,0.341520754,0.513272066,0.512158145,0.667815849,0.693517641,0.857630783,0.589938625,0.629699446,0.540821031,0,0.638880884,0.599077728,0.520389604,0.648702936,0.660643645,0.519179556,0.611503428,0.483480331,0.601960123,0.528371339,0.744939658,0.637156275,0.851540207,0.286820997,0.431631273,0.546977915,0.569321011,0.818217343,0.429282572,0.427570278,0,0.489426314,0.494265787,0.438486832,0.319384769,0.439951443,0.570620361,0.403324918,0.459562369,0.484809444,0.89595359,0.582353269,0.78765521
Trial144,BRAIN_25_PATH_Transv sinus meningioma.png,0.532039221,0.58896081,0.593248526,0.502646115,0.415953702,0.537099529,0.424151319,0.721055014,0.424610089,0.45927597,0.457170328,0.55639467,0.544353074,0.90996643,0.734984612,0.597542126,0.816597352,0.471854912,0.620503865,0.407274382,0.507491963,0.504402629,0.459634998,0.528506138,0.415957677,0.648296804,0.563915626,0.427764882,0.48476604,0,0.567381714,0.517699546,0.546263597,0.60966488,0.517112418,0.901054742,0.439947177,0.417394395,0.621604992,0.464403364,0.684462462,0.438495862,0.483666457,0.457892934,0.386553904,0.488047436,0.596251707,0.68867959,0.444214202,0.516424095,0,0.24753209,0.484012113,0.401265349,0.453213572,0.661532036,0.45604768,0.381032165,0.459836722,0.919791863,0.691261743,0.46327213,0.596337174
Trial150,BRAIN_27_PATH_Sagittal GBM.png,0.391089535,0.518507428,0.635754878,0.509126817,0.506048003,0.699209356,0.527534187,0,0.591508689,0.627107124,0.433741885,0.712873769,0.456590229,0.51281952,0.638761071,0.589647467,0.722439521,0.416761641,0.655661563,0.480874142,0.444560143,0.51657399,0.638874147,0.691448787,0.730119073,0.864212837,0.415825034,0.441628854,0.507885589,0,0.551989279,0.684490394,0.643576044,0.740096389,0.47018068,0.883365027,0.478192696,0.532515808,0.61773973,0.51851858,0.549365871,0.321035619,0.423805096,0.486466009,0.451336975,0,0.514608638,0.766452611,0.592262057,0.594035278,0,0.622558795,0.445112572,0.522201814,0.465365133,0.366848066,0.565245851,0.464176282,0.448670741,0.503335569,0.568098547,0.482595436,0
Trial153,BRAIN_28_PATH_Aneurysm.png,0.506173906,0.600874894,0.499765805,0.453374768,0.519252983,0.756051268,0.502719666,0,0.465937219,0.67504442,0.44746093,0.51056115,0.491204589,0.570837425,0.69724074,0.575580709,0.79619407,0.553249284,0.58578723,0.439521038,0.381105798,0.567748984,0.44844759,0.477289542,0.609858819,0.538938587,0.474488271,0.555756373,0.524382492,0,0.565058494,0.61037357,0.478959521,0.64249427,0.220700604,0,0.533144572,0.594594482,0.607222114,0.687627209,0.281850608,0.371911421,0.3399531,0.503513135,0.389319789,0.519512217,0.505689413,0.647879391,0.4961008,0.385830317,0,0.42351116,0.476606896,0.412526836,0.305167425,0.531630125,0.343430695,0.456810091,0.360352314,0.424344278,0.49557955,0.655014108,0
Trial156,BRAIN_29_PATH_Chiari.png,0.536138482,0.598031277,0.715424093,0.610203515,0.337550592,0.91698162,0.603005109,0,0.464471253,0.497093305,0.35927959,0.594677721,0.594061421,0.444401807,0.526737185,0.632788776,0.82666688,0.535803348,0.583561637,0.503690523,0.19282831,0.73118463,0.456220248,0.574400218,0.789396352,0.770396117,0.541570209,0.46590575,0.399450547,0,0.57331609,0.605168334,0.728141517,0.629737945,0.395327522,0,0.546365001,0.602323396,0.55857337,0.768145373,0.607870564,0.46467848,0.382998918,0.505725866,0.395673027,0.522444037,0.550932064,0.804124381,0.525373896,0.56220314,0.486426872,0.502094786,0.638079002,0.478968397,0.418150136,0.461390792,0.578895908,0.41981646,0.440405016,0.501423233,0.538628774,0.320446419,0
Trial171,BRAIN_34_PATH_Colloid and pineal cysts.png,0.433054987,0.584230203,0.480713055,0.443578745,0.508265081,0.798560382,0.581342341,0,0.68999551,0.89148708,0.552463276,0.754891328,0.640293115,0.464041299,0.622888965,0.741589065,0.761461324,0.811988545,0.52539137,0.612773205,0.478042501,0.674158589,0.653349763,0.784037899,0.734180386,0.810122236,0.471131941,0.680210207,0.361141497,0.688517647,0.703327394,0.680054697,0.919123471,0.566480233,0.699107465,0,0.409047992,0.450250532,0.727355824,0.481510314,0.634143426,0,0.643195873,0.663970874,0.420166793,0.483825499,0.542945075,0.50675599,0.370688541,0.5311349,0,0.394195306,0.455823375,0.492721272,0.432152267,0.541344194,0.409501937,0.553282676,0.825482464,0.541928177,0.358411961,0,0.795636723
Trial174,BRAIN_35_PATH_SAH.png,0.380597786,0.56824949,0.580779286,0.275731847,0.638726271,0.626636579,0.477143117,0,0.450647989,0.632681108,0.497354506,0.655756964,0.582404697,0.4450959,0.623691712,0.660589299,0.839969849,0.356928565,0.600843157,0.513492003,0.572378646,0.793066219,0.519803392,0.69822685,0.609428472,0.745409442,0.566171001,0.543563357,0,0,0.665387919,0.625129363,0.571745842,0.638871001,0.83643829,0,0.46121249,0.474295567,0.525050865,0.348119178,0.638989568,0.635436878,0.864276531,0.530886046,0.256229549,0.408099539,0.658377221,0.465457188,0.418911944,0.526045533,0,0.418597723,0.409203863,0.472743106,0.405270886,0.395592751,0.404085978,0.490201188,0.312108465,0.454950207,0.535341502,0.667079464,0.770391195
Trial186,BRAIN_39_PATH_Thrombosis.png,0.438706653,0.559039942,0.527324451,0.434234802,0.500006525,0.883270221,0.424445752,0,0.467450176,0.570326575,0.407866544,0.543525208,0.533495414,0.420225931,0.494740296,0.508214484,0.849346141,0.482135317,0.561602385,0.241543293,0.412934016,0.559943725,0.417932158,0.610971029,0.574021659,0.607418542,0.511923908,0.511904598,0.568727509,0,0.621599925,0.540114645,0.46418447,0.660784904,0.497618129,0,0.516952574,0.483335204,0.596332696,0.391366825,0.477880769,0.378940684,0.415665958,0.668185514,0.45561991,0.453464732,0.490229224,0.595796693,0.428247922,0.684067009,0,0.267970957,0.662206541,0.475747727,0.48296452,0.4992073,0.422942515,0.187038993,0.671881824,0.597611389,0.567662985,0.856421722,0
Trial078,BRAIN_3_NORMAL_Normal 4 vessels.png,0.424648533,0.590175216,0.708577571,0.52720714,0.415181246,0.502357902,0.406933903,0.617710402,0.431496588,0.576275517,0.299799383,0.548053949,0.695429116,0.492540983,0.438526886,0.530168003,0.879537803,0.492507185,0.552771669,0.516639724,0.434732746,0.47981733,0.518647876,0.579521011,0.487970061,0.596848625,0.608952882,0.505893406,0.528320223,0.302196488,0.513182763,0.645465095,0.554915632,0.582839882,0.527682312,0,0.473574926,0.618522812,0.622262881,0.531463575,0.236288265,0.443543699,0.496671782,0.473568781,0.456686352,0.316596945,0.609803988,0.859808061,0.486700246,0.47219666,0.306737001,0.418810098,0.52877826,0.462038382,0.469981973,0.575526052,0.490466751,0.256710389,0.491199982,0.480362215,0.600218726,0.496056918,0
Trial081,BRAIN_4_NORMAL_Normal Coronal T2.png,0.47497544,0.630565662,0.595063745,0.476625482,0.454798411,0.590878742,0.578859435,0.64121332,0.457274391,0.564366531,0.411582245,0.600317209,0.56627271,0.460184834,0.463359081,0.607316358,0.83879555,0.462979356,0.673117876,0.434762159,0.584751933,0.548975408,0.531917578,0.725421405,0.601937367,0.55921698,0.542545155,0.464938841,0.413275632,0.611077371,0.628758255,0.631541897,0.528552914,0.535801109,0.5641109,0,0.485099203,0.41630458,0.554339783,0.604239679,0.284942831,0.583695353,0.536411399,0.481679385,0.367023217,0.353373447,0.50446688,0.707142029,0.518008113,0.523088463,0.410232726,0.358264784,0.489348041,0.538779885,0.412373391,0.375378718,0.496712798,0,0.516547124,0.290484973,0.581150659,0.544713829,0
Trial096,BRAIN_9_NORMAL_Normal SSS.png,0.64847748,0.831684826,0.738876036,0.3941927,0.574355483,0.570069698,0.447561439,0.776683875,0.380454399,0.726188834,0.560667813,0.711415685,0.850979743,0.845231695,0.420393205,0.699482279,0.817196451,0.453137193,0.574646878,0.671861798,0.233684617,0.575293527,0.569778412,0.734893109,0.774528131,0.73182535,0.601292966,0.510149077,0.625110262,0.674685544,0.812432121,0.558242116,0.615208709,0.89380652,0.752856457,0.797251077,0.571848026,0.45184757,0.723886033,0.701096915,0.601653353,0.373241255,0.71524068,0.453178782,0.623536614,0.552604929,0.585352156,0.549374155,0.55346014,0.733972669,0.54909961,0.516435663,0.303834195,0.422718469,0.610203178,0.520293952,0.419289845,0.77886128,0.497218764,0.604539645,0.445042752,0.606026254,0
Trial099,BRAIN_10_NORMAL_Normal Ax2.png,0.483153696,0.704533588,0.528089634,0.413668121,0.572849931,0.354444114,0.569361632,0.669723762,0.426474034,0.559600916,0.446057048,0.649605693,0.569086139,0.552550883,0.623036532,0.481693382,0.858379608,0.466697927,0.504800999,0.401067254,0.466673347,0.544147752,0.276987439,0.572067816,0.517079675,0.727324282,0.562702772,0.491416055,0.602675891,0.686170547,0.674772364,0.597016379,0.51936461,0.628383433,0.60103174,0.581144679,0.567676572,0.461221745,0.540731573,0.878250222,0.531589394,0,0.611065553,0.361643288,0.243968413,0.323508345,0.521001182,0.736143749,0.346339545,0.564874852,0.20159799,0.372753318,0.382847183,0.405061255,0.430523197,0.372046986,0.529022624,0.377121267,0.298255563,0.687225837,0.688519119,0.665648233,0
Trial102,BRAIN_11_NORMAL_Normal T2 post fossa.png,0.460699952,0.655176442,0.470432053,0.470639187,0.543950146,0.706072367,0.517567789,0.533487393,0.48436017,0.544641181,0.638906783,0.379019515,0.562285501,0.504629272,0.626917666,0.530557834,0.840465316,0.43013404,0.511161599,0.264001139,0.510473216,0.544420046,0.467750718,0.554338202,0.582381516,0.683765567,0.513220743,0.423466788,0.576701436,0.684933894,0.780046316,0.518924314,0.510131957,0.694924451,0.662085585,0.545528869,0.487330455,0.477812857,0.5040726,0.668445752,0.624894493,0.652864228,0.479897886,0.46494804,0.445128724,0.401745837,0.594643445,0.791495059,0.545022732,0.684739291,0,0.414725543,0.47583805,0.371811605,0.340973058,0.5094424,0.378777039,0.562384847,0.531788003,0.646128302,0.46256708,0.66103303,0
Trial108,BRAIN_13_NORMAL_T2 CPA.png,0.443594981,0.608097655,0.625146797,0.492392248,0.623274738,0.69149929,0.467803735,0.652506665,0.501869534,0.631857121,0.454921853,0.528685032,0.499586504,0.53103969,0.668991139,0.515020922,0.827404804,0.523975552,0.627343781,0.272080484,0.540041574,0.555857829,0.483288594,0.672477043,0.508314655,0.714080411,0.558661683,0.50147923,0.625605689,0.402034434,0.67541128,0.619050054,0.59160261,0.615960225,0.540061145,0.490075825,0.626239655,0.456029799,0.564345658,0.692228712,0.503042102,0.440981732,0.382435251,0.47423888,0.204285147,0.374259055,0.522040131,0.637994782,0.576660111,0.474541242,0,0.456405264,0.49817342,0.553813184,0.438893892,0.408272828,0.367085905,0.208518943,0.327362662,0.451474758,0.59699982,0.634134032,0
Trial120,BRAIN_17_NORMAL_Normal ax.png,0.320895469,0.506142038,0.541865217,0.469379346,0.575247588,0.506680298,0.446772733,0.562625411,0.469814535,0.557039348,0.461107354,0.532630136,0.47773628,0.522582259,0.638453875,0.512343326,0.75509831,0.514702539,0.679030589,0.471083492,0.554795101,0.50877888,0.781923339,0.550232862,0.399711579,0.597865292,0.524083861,0.55584183,0,0,0.638958173,0.528745931,0.478093754,0.521098776,0.518975387,0,0.476868804,0.64186316,0.511556866,0.270719788,0.573317594,0.883943142,0.431340635,0.503505898,0.291307146,0.468220802,0.533300729,0.883382637,0.562997357,0.614884687,0.882901036,0.217975373,0.418525351,0.464378647,0.469761404,0.446721527,0.492262804,0.816436391,0.468108818,0.427990679,0.349828651,0.681913739,0.696165647
Trial126,BRAIN_19_NORMAL_Normal CTA.png,0.391538558,0.683127428,0.580048184,0.466320776,0.52567442,0.603515023,0.46457548,0.699329767,0.577057141,0.679493527,0.617425191,0.498470567,0.52478055,0.50141874,0.551041653,0.744853928,0.75186218,0.404572308,0.571730403,0.500153817,0.545586846,0.657639623,0.535710613,0.456737853,0.622578196,0.757314309,0.652140345,0.703620343,0.544842011,0,0.835657901,0.795518927,0.609710875,0.751376372,0.862422196,0,0.847808137,0.576479939,0.573388744,0.62692003,0.615937615,0.37379773,0.451642588,0.356389023,0.457608535,0.515577946,0.467328146,0.671973133,0.507936226,0.551212538,0.467474964,0.408906512,0.506005682,0.426410425,0.474381913,0.259575647,0.491484724,0.401560516,0.303423817,0.355522247,0,0.584179871,0.663038963
Trial135,BRAIN_22_NORMAL_Normal Insula.png,0.484343862,0.534503846,0.484152024,0.461849909,0.511148959,0.518374538,0.532940249,0.498036526,0.486655072,0.610114323,0.465105239,0.573902896,0.515116876,0.414696415,0.394219894,0.583503194,0.846870898,0.47891059,0.797412368,0.434879438,0.38989338,0.57478837,0.398776269,0.661402047,0.529998007,0.629667397,0.527469188,0.374215373,0.505460467,0,0.469851696,0.589414629,0.550014368,0.626260059,0.575991945,0,0.492831469,0.295602641,0.548334773,0.527766403,0.644571896,0.668325169,0.344302961,0.500338118,0.493057754,0.402749761,0.572032105,0.868032725,0.43844681,0.48389389,0,0.477971257,0.4217859,0.473665178,0.420565348,0.402056301,0.465839046,0.437304532,0.419316897,0.416874369,0.705521041,0.565463208,0.689524122
Trial138,BRAIN_23_NORMAL_norm T1+.png,0.503199109,0.521268063,0.744730731,0.411177614,0.474498776,0.610756718,0.368206245,0.473245676,0.462660428,0.603014422,0.475609315,0.740052963,0.612755828,0.419020568,0.61188168,0.408688366,0.856051167,0.574867249,0.607481703,0.499997917,0.605455958,0.538839636,0.435730625,0.686262976,0.785217444,0.685090697,0.653856885,0.501182295,0.529971846,0,0.639303433,0.795328501,0.507651372,0.552602589,0.57894469,0,0.581128084,0.486177208,0.514946184,0.517411637,0.45405256,0.437987661,0.481234432,0.404529412,0.452500153,0.258944106,0.511996351,0.581010502,0.550102806,0.655709935,0,0.469893536,0.342754498,0.405393925,0.432852223,0.385107034,0.462154632,0.504167688,0.475112536,0.539690254,0.920485956,0.741667275,0.888076781
Trial141,BRAIN_24_NORMAL_Ax.png,0.782309999,0.526825726,0.442556581,0.465085763,0.490984186,0.584735276,0.398014851,0,0.488185925,0.601534261,0.496866883,0.398569377,0.511341062,0.35332848,0.835509798,0.70811343,0.912540222,0.562229093,0.533628531,0.411494073,0,0.622023953,0.358620937,0.743149666,0.737415293,0.53374632,0.537146044,0.55719064,0.438852775,0,0.617410122,0.736518805,0.745965084,0.77355369,0.674121919,0,0.579199388,0.453686535,0.445966133,0.518552498,0.543592132,0.42556317,0.511579285,0.47439415,0.38065097,0.281106651,0.525099781,0.590498106,0.570658673,0.645825504,0,0.24977828,0.492157964,0.446344369,0.401455564,0.394890612,0.334900758,0.5795426,0.823299589,0.404333461,0.477787212,0.8241409,0
Trial147,BRAIN_26_NORMAL_BG.png,0.443856263,0.511265102,0.597862971,0.481022154,0.635537587,0.628818279,0.472006928,0.681705252,0.391874334,0.583796251,0.736906733,0.638777627,0.483949803,0.605979412,0.564164479,0.580111607,0.850012353,0.448619152,0.635625371,0.423300124,0.435544767,0.63988732,0.675335941,0.557567364,0.643136335,0.621265807,0.581379607,0.513479644,0.580985145,0.918319529,0.712924113,0.631578526,0.560321342,0.649170237,0.654867254,0.604173272,0.478506286,0.648047349,0.657174631,0.640860167,0.571815702,0.734414458,0.539001717,0.416060091,0.464242836,0.444952091,0.540614039,0.650318527,0.481321711,0.494313996,0.229119621,0.395477121,0.385274078,0.476843921,0.404827436,0.641668102,0.387883666,0.465783957,0.616851471,0.377195712,0.831537593,0.864227933,0
Trial159,BRAIN_30_NORMAL_Normal IAM.png,0.473531566,0.601284002,0.593998541,0.534154594,0.412906168,0.933542827,0.133544486,0,0.45741162,0.615499722,0.875540835,0.672133492,0.541913535,0.407125377,0.598531928,0.477567246,0,0.441035864,0.637494405,0.498567222,0.374376515,0.512626988,0.55050855,0.640327952,0.483028589,0.519830903,0.519952043,0.445040899,0.470183425,0.907532969,0.645835805,0.40927658,0.463273687,0.57035655,0.520819199,0,0.469683328,0.449881282,0.54438611,0.643589569,0.501157841,0.43308228,0.460169805,0.572364122,0.256907995,0.351272325,0.546042612,0.868356608,0.257801295,0.51099608,0,0.405626824,0.478524377,0.40628546,0.433899421,0,0.436784291,0.448487488,0.512853019,0.44834842,0.704296505,0.488910439,0
Trial162,BRAIN_31_NORMAL_Sulci.png,0.389676629,0.548018573,0.506407787,0.425726132,0.561367122,0.614708098,0.488508581,0,0.464817826,0.683671304,0.29802635,0.65064009,0.521507153,0.513378857,0.566216213,0.627789974,0.852950769,0.424737432,0.498721663,0.559994088,0.512876753,0.58165277,0.573206124,0.544475069,0.680793242,0.634196379,0.541999816,0.498363733,0.487525646,0,0.673391244,0.589813317,0.497229857,0.637923116,0.781043354,0,0.500785355,0.488634873,0.783950359,0.55707826,0.741523134,0.615954862,0.417931319,0.305547677,0.176969718,0.42772007,0.459063418,0.720994463,0.498391823,0.500560073,0,0.408848056,0.457737219,0.552428331,0.407699248,0.530306586,0.452431018,0.562362693,0.583006166,0.524085635,0.42866184,0.913807632,0
Trial165,BRAIN_32_NORMAL_Axial T2.png,0.645454572,0.535503935,0.549603346,0.509116929,0.521188625,0.9030253,0.546756132,0,0.451533189,0.908261459,0.436307628,0.765843554,0.514934593,0.499668822,0.555731503,0.620375878,0.75314238,0.4916471,0.610016126,0.554646667,0.448963145,0.303596527,0.47967118,0.642640416,0.605367607,0.559785299,0.587747325,0.590288184,0.636823221,0,0.532247574,0.718867941,0.507909008,0.584661916,0.53424796,0,0.497710124,0.431935419,0.805057516,0.494007591,0.539714907,0.659792978,0.435247008,0.709580934,0.44213694,0.415494703,0.534843752,0.882811837,0.412686658,0.362975923,0,0.383969914,0.508152778,0.402202295,0.3130234,0.455509103,0.513896332,0.444756686,0.450662046,0.522332899,0.55875083,0.562580268,0
Trial168,BRAIN_33_NORMAL_T1C ventricles.png,0.567368596,0.647355577,0.547056154,0.46895637,0.464269799,0.635608843,0.370015423,0.669551706,0.505993951,0.601288393,0.369267761,0.66945207,0.569492341,0.534908808,0.82926452,0.603935971,0.612051001,0.448333901,0.656651575,0.453594989,0.400854226,0.482198269,0.618900247,0.540225106,0.553226062,0.555944566,0.575650338,0.236215,0.721020924,0,0.673547477,0.612967873,0.595939519,0.600632268,0.862136162,0,0.389930812,0.793152857,0.69221336,0.524702883,0.707891088,0.463726106,0.817193804,0.555917945,0.628036363,0.594039987,0.47401965,0.44455659,0.479304402,0.439741381,0,0.119081271,0.451267043,0.530384086,0.571571434,0.528267733,0.457895539,0.298047516,0.843785669,0.466885727,0.600107189,0.821678465,0
Trial177,BRAIN_36_NORMAL_T1C a.png,0.319777539,0.67935552,0.606468122,0.470073351,0.535985197,0.466554827,0.155497834,0.694212405,0.432563503,0.652131065,0.402828894,0.49541445,0.541952503,0.443286689,0.525655232,0.587251112,0.667368588,0.524195245,0.783287225,0.348341743,0.46877383,0.448686434,0.433013481,0.621506294,0.557441669,0.584064379,0.503335287,0.520546929,0.492106499,0.610987006,0.594011922,0.529286419,0.78590228,0.719073162,0.652630965,0,0.432256149,0.400115657,0.606635467,0.459433028,0.438197328,0.471951035,0.86652072,0.471332458,0.66729039,0.42455485,0.593428804,0.595506846,0.277960985,0.536257772,0,0.265441224,0.41149368,0.419893904,0.416741321,0.881713037,0.514201781,0.372005522,0.892901806,0.469571668,0.415539157,0.848322988,0
Trial180,BRAIN_37_NORMAL_Normal MRA.png,0.381029703,0.462792129,0.49973206,0.440831433,0.543463348,0.578806267,0.455383991,0,0.496553723,0.691999234,0.232984344,0.436213313,0.501192107,0.573871651,0.56702361,0.636979386,0.791563677,0.616322728,0.621010246,0.525288824,0.498147381,0.450237995,0.541322134,0.592686321,0.619426313,0.68713451,0.584978793,0.547278665,0.347500986,0.516175017,0.614980204,0.581999639,0.568618285,0.679215864,0.541620627,0,0.520397143,0.503124812,0.665582127,0.226428566,0.63357351,0.347821001,0.477439547,0.286654094,0.137213583,0.337232999,0.452240038,0.556144567,0.424833745,0.515505623,0,0.450063113,0.339879223,0.469492016,0.905444466,0.443808348,0.499128524,0.35576391,0.913491267,0.354502284,0.232273179,0.33563736,0
Trial183,BRAIN_38_NORMAL_Sagittal T1.png,0.450813214,0.595596914,0.588628745,0.44989282,0.484384769,0.893545423,0.462273436,0.684155156,0.500712698,0.647989354,0.419856884,0.49160589,0.44660082,0.498601773,0.589648322,0.599956013,0.869447987,0.431351026,0.519928757,0.591529543,0.45644039,0.445093297,0.494600456,0.611079693,0.516519564,0.593221436,0.510287521,0.467438914,0.511512202,0.286141665,0.594070171,0.549899584,0.550295215,0.586097954,0.61658104,0,0.539256489,0.621296851,0.628350477,0.607725909,0.412263791,0,0.360244746,0.482657355,0.489362707,0.546346532,0.515396884,0.579656321,0.556436593,0.508389229,0,0.420768712,0.316382535,0.499207124,0.386615121,0.607853906,0.604569996,0.448521398,0.804549996,0.387969755,0.497474053,0.519781922,0
Trial189,BRAIN_40_NORMAL_Sylvian.png,0.497315796,0.441787833,0.557708709,0.466563879,0.5009621,0.790632159,0.234564504,0.651160812,0.543287591,0.415401041,0.467202906,0.442631746,0.489185861,0.471156429,0.472480189,0.584312582,0.810587242,0.437091882,0.553478257,0.3903922,0.393948283,0.494050171,0.456168801,0.705627072,0.549012302,0.627587179,0.602054552,0.463237831,0.525301561,0,0.621878412,0.268724435,0.434306416,0.589098034,0.622268475,0,0.505474266,0.464946192,0.544473594,0.466838991,0.58993394,0.203556126,0.362175316,0.472628306,0.405354239,0.422078145,0.556687938,0.711534638,0.467227485,0.491651115,0.413755766,0.403307982,0.286827621,0.384719621,0.404118866,0.398657753,0.495064368,0.228977827,0.303198993,0.551324534,0.553950465,0.727462997,0
